{
  "t": 44,
  "hr": 72.015668,
  "map": 95.331755,
  "bp_sys": 114.270459,
  "bp_dia": 73.588508,
  "rr": 12.048193,
  "temp_c": 37.051247,
  "cardiac_output_lpm": 5.789178,
  "stroke_volume_ml": 80.387752,
  "etco2_mmHg": 36.321297,
  "pao2_mmHg": 89.112746,
  "paco2_mmHg": 39.639143,
  "ph": 7.41726,
  "hgb_g_dl": 14.961045,
  "spo2": 97.4025,
  "lactate_mmol_l": 1.627476465364121,
  "urine_ml_hr": 28.26612,
  "wallTime": "2026-04-21T02:53:43.970Z",
  "alarms": []
}
